theme,description,profile_link,author,github_stars,updated,license,theme_tags,theme-repo,theme-ref
Even,A super concise theme for Hugo,https://d33wubrfki0l68.cloudfront.net/dd0c8d75f7eb65c60a35462695733bb7718ea6de/4a82d/themes/hugo-theme-even/screenshot_huaa330ce4929f88668efe3422b762902a_47266_750x500_fill_catmullrom_top_2.png,olOwOlo,1586,2021-01-17,MIT,"['Blog', 'Responsive']",https://github.com/laozhu/hugo-nuo,https://themes.gohugo.io/themes/hugo-theme-even/
Hermit,A minimal and fast hugo theme for bloggers.,https://d33wubrfki0l68.cloudfront.net/7317f39d511bde620fa5a6ab43f89aecb624c00f/5719b/themes/hermit/screenshot_hud70f356643620209eeacd81031a6af80_48569_750x500_fill_catmullrom_top_2.png,Track3,883,2019-01-04,MIT,"['Blog', 'Dark', 'Minimal', 'Responsive', 'recent release of Hugo.', 'Version Configuration', 'tag a new version.']",https://github.com/feathericons/feather/blob/master/LICENSE,https://themes.gohugo.io/themes/hermit/
Book,Hugo documentation theme as simple as plain book,https://d33wubrfki0l68.cloudfront.net/ef280d7c29b5af7a9c1a280625426bb2ae4fb1e4/40e57/themes/hugo-book/screenshot_huec729d04f241cf6d25145f0e39e6c0fd_189080_750x500_fill_catmullrom_top_2.png,Alex Shpak,1489,2021-11-19,MIT,"['Docs', 'Multilingual', 'Responsive']",https://github.com/alex-shpak/hugo-book/graphs/contributors,https://themes.gohugo.io/themes/hugo-book/
Docsy,A Hugo theme for technical documentation sites,https://d33wubrfki0l68.cloudfront.net/b993080deb8168c9c56909bb8a24b13bc4b4960a/ca51f/themes/docsy/screenshot_hua9135189238b9d5f65960deb21cd5534_311057_750x500_fill_catmullrom_top_2.png,The Docsy Authors,1422,2021-11-24,Apache 2.0,"['Docs', 'Multilingual', 'Responsive']",https://github.com/google/docsy/blob/master/LICENSE,https://themes.gohugo.io/themes/docsy/
Academic,"The website builder for Hugo. Build *anything* with widgets and deploy with one click! Fully personalize your site with themes, plugins, and language packs.",https://d33wubrfki0l68.cloudfront.net/10beaf89a7c8ca802a32aaf5362b4acfd168f36a/2123a/themes/hugo-academic/screenshot_hud7608c6490536ac8ab050755ccd1fa70_104518_750x500_fill_catmullrom_top_2.png,George Cushen,6031,2020-03-06,MIT,"['Blog', 'Company', 'Contact', 'Dark', 'Docs', 'Gallery', 'Landing', 'Light', 'Minimal', 'Multilingual', 'Personal', 'Portfolio', 'Responsive']",https://github.com/igrigorik/ga-beacon,https://themes.gohugo.io/themes/hugo-academic/
LoveIt,"A Clean, Elegant but Advanced Hugo Theme for Hugo.",https://d33wubrfki0l68.cloudfront.net/d517dbad40cc0ab9de5ce443a95da428200bb5ea/d9d3a/themes/loveit/screenshot_hu19f9862791b119a6e319e806933fbd42_72251_750x500_fill_catmullrom_top_2.png,Dillon,1483,2020-05-29,MIT,"['Blog', 'Dark', 'Responsive']",https://github.com/dillonzq/LoveIt/raw/master/images/Wechat.jpg,https://themes.gohugo.io/themes/loveit/
hello-friend-ng,A simple theme for Hugo. That's it.,https://d33wubrfki0l68.cloudfront.net/2bc2bb62f363037e2ac7729fb3289afbfad574e1/23233/themes/hugo-theme-hello-friend-ng/screenshot_hu4843bf1335e89e1d731fe4eaba014523_55195_750x500_fill_catmullrom_top_2.png,Djordje Atlialp,1070,2021-10-15,MIT,"['Blog', 'Dark', 'Light', 'Minimal', 'Multilingual', 'Personal', 'Responsive']",https://github.com/rhazdon/hugo-theme-hello-friend-ng/blob/master/LICENSE.md,https://themes.gohugo.io/themes/hugo-theme-hello-friend-ng/
Tranquilpeak,A gorgeous responsive theme for Hugo blog framework,https://d33wubrfki0l68.cloudfront.net/3cd8c18359d9c5fe0e08aa42a7939334ed2c1c74/ee316/themes/hugo-tranquilpeak-theme/screenshot_hu817c30019232711b6a0f59fbee583454_330151_750x500_fill_catmullrom_top_2.png,Thibaud Leprêtre,752,2021-10-06,GNU General Public License v3.0,"['Blog', 'Minimal', 'Personal', 'Responsive']",https://github.com/kakawait/hugo-tranquilpeak-theme/blob/master/LICENSE,https://themes.gohugo.io/themes/hugo-tranquilpeak-theme/
Beautiful Hugo,An adaptation of the Beautiful Jekyll theme,https://d33wubrfki0l68.cloudfront.net/b94cccb8db971fe92a18ba7d2ba6d90c7a36da5c/cc5c7/themes/beautifulhugo/screenshot_hu6330ad66f8b5e1a9cc0e32928b0427e6_102241_750x500_fill_catmullrom_top_2.png,halogenica,870,2021-01-06,MIT,"['Blog', 'Bootstrap', 'Company', 'Light', 'Minimal', 'Multilingual', 'Portfolio', 'Responsive']",https://github.com/halogenica/Hugo-BeautifulHugo/blob/master/LICENSE,https://themes.gohugo.io/themes/beautifulhugo/
Paper,"A simple, clean, flexible Hugo theme",https://d33wubrfki0l68.cloudfront.net/9b0e5f569cbcee881346af409f599de614e1d591/78a45/themes/hugo-paper/screenshot_hufaa35f8e2d1d966c4b7cea7efc0c1d4d_344701_750x500_fill_catmullrom_top_2.png,nanxiaobei,717,2021-09-25,MIT,"['Blog', 'Light', 'Responsive']",https://github.com/nanxiaobei/hugo-paper/blob/master/LICENSE,https://themes.gohugo.io/themes/hugo-paper/
Academic,"Use the website builder to easily build your site with 50+ widgets and deploy with one click! Fully customize your site with themes, plugins, and language packs.",https://d33wubrfki0l68.cloudfront.net/10beaf89a7c8ca802a32aaf5362b4acfd168f36a/3e6c6/themes/starter-academic/screenshot_hud7608c6490536ac8ab050755ccd1fa70_104518_750x500_fill_catmullrom_top_2.png,George Cushen,1680,2021-07-24,MIT,"['Blog', 'Company', 'Contact', 'Dark', 'Docs', 'Gallery', 'Landing', 'Light', 'Minimal', 'Multilingual', 'Personal', 'Portfolio', 'Responsive']",https://github.com/igrigorik/ga-beacon,https://themes.gohugo.io/themes/starter-academic/
Stack,Card-style Hugo theme designed for bloggers,https://d33wubrfki0l68.cloudfront.net/c317d25a2453f34a8f7cd26a5511ebb488639b81/05093/themes/hugo-theme-stack/screenshot_hu3a3d43638442b4410f8a7ad58b7acc37_51344_750x500_fill_catmullrom_top_2.png,Jimmy Cai,1279,2021-10-31,GPL-3.0-only,"['Blog', 'Dark', 'Light', 'Personal', 'Responsive']",https://github.com/MunifTanjim/minimo/blob/master/LICENSE,https://themes.gohugo.io/themes/hugo-theme-stack/
Learn,"Documentation theme for Hugo, based on Grav Learn theme",https://d33wubrfki0l68.cloudfront.net/c588abe3dad8ada4945357cad35f455ff3c99e26/77239/themes/hugo-theme-learn/screenshot_hufe2da8fc83ad30ec674fecf911d5e6d9_284162_750x500_fill_catmullrom_top_2.png,Mathieu Cornic,1297,2021-10-28,MIT,['Docs'],https://github.com/github-tools/github-release-notes,https://themes.gohugo.io/themes/hugo-theme-learn/
PaperMod,"A fast, clean, responsive Hugo theme",https://d33wubrfki0l68.cloudfront.net/b4c26b0c833ae90902402c5e33180ffd796ad03e/7a397/themes/hugo-papermod/screenshot_huab9fa0133e300e3dd79a7b4ef7e429fe_141511_750x500_fill_catmullrom_top_2.png,Aditya Telange,2258,2021-11-20,MIT,"['Blog', 'Dark', 'Light', 'Minimal', 'Responsive']",https://github.com/simple-icons/simple-icons,https://themes.gohugo.io/themes/hugo-papermod/
terminal,"A simple, retro theme for Hugo.",https://d33wubrfki0l68.cloudfront.net/acfb79c0e748e38359c71051102ea55709eda19f/95259/themes/hugo-theme-terminal/screenshot_hu203da575df3dd0ed6f5c3ee4b3c3d1c5_448158_750x500_fill_catmullrom_top_2.png,panr,1071,2021-11-10,MIT,"['Blog', 'Dark', 'Landing', 'Minimal', 'Multilingual', 'Personal', 'Responsive']",https://github.com/panr/hugo-theme-terminal/blob/master/LICENSE.md,https://themes.gohugo.io/themes/hugo-theme-terminal/
Coder,A simple and clean blog theme for Hugo,https://d33wubrfki0l68.cloudfront.net/dcf8fe7a733aeb99364fa7d9ad2ed45df5a6318a/1d773/themes/hugo-coder/screenshot_hu937b67f38a5983c07a562ced176b5b06_72410_750x500_fill_catmullrom_top_2.png,Luiz F. A. de Prá,1679,2021-11-23,MIT,"['Blog', 'Minimal', 'Personal', 'Responsive']",https://github.com/luizdepra/hugo-coder/blob/master/LICENSE.md,https://themes.gohugo.io/themes/hugo-coder/
hello-friend,A simple theme for Hugo. That's it.,https://d33wubrfki0l68.cloudfront.net/671c25130011aa99c3a94885baae9f56f7976315/8d5ca/themes/hugo-theme-hello-friend/screenshot_hua60d284ca8acad38698c1d6cfdc145a9_247796_750x500_fill_catmullrom_top_2.png,panr,712,2021-11-07,MIT,"['Blog', 'Dark', 'Light', 'Minimal', 'Multilingual', 'Personal', 'Responsive']",https://github.com/panr/hugo-theme-hello-friend/blob/master/LICENSE.md,https://themes.gohugo.io/themes/hugo-theme-hello-friend/
Jane,A readable theme for Hugo,https://d33wubrfki0l68.cloudfront.net/b326bbc8baa7bf7f1894faa143dac48f2488f2fa/3bcba/themes/hugo-theme-jane/screenshot_hue86ec56387d55a4e982f80cc54614468_206579_750x500_fill_catmullrom_top_2.png,xianmin,715,2021-01-08,MIT,"['Blog', 'Multilingual', 'Responsive']",https://github.com/kentcdodds/all-contributors,https://themes.gohugo.io/themes/hugo-theme-jane/
Introduction,"Minimal, single page, smooth scrolling theme for Hugo.",https://d33wubrfki0l68.cloudfront.net/be8da49e4033dd59736eea6112b49aa1f7aaf135/501e3/themes/hugo-theme-introduction/screenshot_hu7fed753caf8a2a6ad6262e8be1d6130c_36860_750x500_fill_catmullrom_top_2.png,Victoria Drake,509,2020-12-31,Apache-2.0,"['Blog', 'Dark', 'Gallery', 'Landing', 'Light', 'Minimal', 'Multilingual', 'Personal', 'Responsive']",https://github.com/victoriadrake/hugo-theme-introduction/blob/master/LICENSE,https://themes.gohugo.io/themes/hugo-theme-introduction/
Mainroad,"Mainroad is a responsive, clean and content-focused Hugo theme.",https://d33wubrfki0l68.cloudfront.net/48f0a4f919e7d68c4caa5017889d9b8a94b4450c/aa11e/themes/mainroad/screenshot_huee825d547a3ef90d10d2c8b85b279346_58734_750x500_fill_catmullrom_top_2.png,Vimux,594,2021-11-17,GPLv2,"['Blog', 'Light', 'Multilingual', 'Responsive']",https://github.com/Vimux/mainroad/blob/master/LICENSE.md,https://themes.gohugo.io/themes/mainroad/
Hyde,An elegant open source and mobile first theme,https://d33wubrfki0l68.cloudfront.net/1790b14c6a38194d194a0f1ac159d99442511462/1e6bb/themes/hyde/screenshot_hu19678d06d66c484f2fad34474a0e2788_447363_750x500_fill_catmullrom_top_2.png,spf13,468,2021-04-02,MIT,"['Blog', 'Company']",https://github.com/poole/hyde/blob/master/public/css/hyde.css,https://themes.gohugo.io/themes/hyde/
Toha,A simple hugo theme for personal portfolio,https://d33wubrfki0l68.cloudfront.net/220b38d54fb7fd652b24bb85c40310243d266694/527ee/themes/toha/screenshot_hub7ea033b332a39cbcdf00b600fe50644_653282_750x500_fill_catmullrom_top_2.png,Emruz Hossain,416,2021-11-18,MIT,"['Blog', 'Bootstrap', 'Gallery', 'Minimal', 'Multilingual', 'Portfolio', 'Responsive']",https://github.com/hugo-toha/toha,https://themes.gohugo.io/themes/toha/
mini,"A fast, minimalist and responsive hugo theme for bloggers.",https://d33wubrfki0l68.cloudfront.net/1e4cbe6fec59b3914ce0fc6a99071b4d34006711/f82c2/themes/hugo-theme-cactus-plus/screenshot_hu625376a94b3b6fe17683c8b45cf00afb_81906_750x500_fill_catmullrom_top_2.png,nodejh,441,2021-08-22,MIT,"['Blog', 'Minimal', 'Responsive']",https://github.com/nodejh/hugo-theme-mini/blob/master/LICENSE.md,https://themes.gohugo.io/themes/hugo-theme-cactus-plus/
reveal-hugo,nil,https://d33wubrfki0l68.cloudfront.net/28e65fca13a511b245abfc8d453d071d619f74e8/2bf70/themes/reveal-hugo/screenshot_hufba80f1692146801cdf530a50d622667_89054_750x500_fill_catmullrom_top_2.png,Josh Dzielak,436,2021-04-13,MIT,,https://github.com/guilhem/devops-training,https://themes.gohugo.io/themes/reveal-hugo/
Universal,A port of the Universal theme,https://d33wubrfki0l68.cloudfront.net/55a171f6bb586dc61e65c22df38da2d21d042a13/13a60/themes/hugo-universal-theme/screenshot_hua1df499e3edae9b1ae7894f6a324d4a4_712959_750x500_fill_catmullrom_top_2.png,adrianmo,526,2021-11-09,MIT,"['Blog', 'Company', 'Minimal', 'Portfolio', 'Responsive']",https://github.com/devcows/hugo-universal-theme/pulls,https://themes.gohugo.io/themes/hugo-universal-theme/
Ananke Gohugo Theme,A Base theme for building full featured Hugo sites,https://d33wubrfki0l68.cloudfront.net/694a66ea9b208372e97ed517a8d91294b1d64071/b0261/themes/gohugo-theme-ananke/screenshot_hu05e872823bf4dc022f268827105dd45c_394121_750x500_fill_catmullrom_top_2.png,theNewDynamic,653,2020-10-28,MIT,"['Blog', 'Multilingual', 'Responsive']",https://github.com/theNewDynamic/gohugo-theme-ananke/blob/master/layouts/index.html#L32,https://themes.gohugo.io/themes/gohugo-theme-ananke/
DocuAPI,Beautiful documentation for your API.,https://d33wubrfki0l68.cloudfront.net/1dbffa8782c3058bd588d235fad1002db91aa10d/2d7d1/themes/v2/screenshot_hu1482b0a24b24cacbe610ec7acbd89f13_72365_750x500_fill_catmullrom_top_2.png,Bjørn Erik Pedersen,549,2021-11-16,Apache-2.0,"['Api', 'Docs', 'Multilingual', 'Responsive']",https://github.com/bep/docuapi/blob/master/exampleSite/config.toml,https://themes.gohugo.io/themes/v2/
Zzo,Hugo blog theme with rich features.,https://d33wubrfki0l68.cloudfront.net/8e3450dbf183711d4521b9bfe7f8266e839fcabb/6cdbc/themes/hugo-theme-zzo/screenshot_hu5ccd3d7efa92df8ae2d40f651b739f0d_104168_750x500_fill_catmullrom_top_2.png,zzossig,545,2021-05-23,MIT,"['Blog', 'Dark', 'Gallery', 'Light', 'Multilingual', 'Responsive']",https://github.com/zzossig/hugo-theme-zzo/blob/master/README.ko.md,https://themes.gohugo.io/themes/hugo-theme-zzo/
Eureka,Eureka is a feature-rich and highly customizable Hugo theme.,https://d33wubrfki0l68.cloudfront.net/96436ed90fc20b83f941df1014d3311258efba4f/337e8/themes/hugo-eureka/screenshot_huaefeb46c66acebb8c8c77ff0b0454b2a_95593_750x500_fill_catmullrom_top_2.png,C. Wang,476,2021-11-10,Apache 2.0,"['Blog', 'Dark', 'Docs', 'Light', 'Multilingual', 'Personal', 'Responsive']",https://github.com/wangchucheng/hugo-eureka/,https://themes.gohugo.io/themes/hugo-eureka/
Minimo,Minimalist theme for Hugo,https://d33wubrfki0l68.cloudfront.net/a3b5d4937fd01c269e7af91aa5a8bc08c208a6b1/2837a/themes/minimo/screenshot_hufac06538aeefc053a28a7d8381729205_105425_750x500_fill_catmullrom_top_2.png,Munif Tanjim,493,2020-07-18,MIT,"['Blog', 'Minimal', 'Responsive']",https://github.com/colebemis/feather/blob/master/LICENSE,https://themes.gohugo.io/themes/minimo/
Doks,"Hugo theme helping you build modern documentation websites that are secure, fast, and SEO-ready — by default.",https://d33wubrfki0l68.cloudfront.net/dac1b3649f9f89ef1446dd7599f7e3441df266ae/700a5/themes/doks/screenshot_hu9f6b95cd697334bd227c6f3e04d70957_121933_750x500_fill_catmullrom_top_2.png,Henk Verlinde,695,2021-10-05,MIT,"['Blog', 'Bootstrap', 'Dark Mode', 'Docs', 'Landing', 'Minimal']",https://github.com/h-enk/doks/discussions,https://themes.gohugo.io/themes/doks/
MemE,MemE is a powerful and highly customizable GoHugo theme for personal blogs.,https://d33wubrfki0l68.cloudfront.net/db3a081ef50e45af1e648ea992e2efba8c588fca/36dff/themes/hugo-theme-meme/screenshot_hue212e1216a974906549ad8cffb47725f_170233_750x500_fill_catmullrom_top_2.png,reuixiy,598,2020-06-24,MIT,"['Blog', 'Minimal', 'Multilingual']",https://github.com/reuixiy/hugo-theme-meme/issues/2,https://themes.gohugo.io/themes/hugo-theme-meme/
XMin,"eXtremely Minimal Hugo theme: about 150 lines of code in total, including HTML and CSS",https://d33wubrfki0l68.cloudfront.net/f61a0b039a044b3065ef29d4e5dc2c3713246d40/9aa80/themes/hugo-xmin/screenshot_hu56ca8754dded783b3a2a3aaa71794d25_37151_750x500_fill_catmullrom_top_2.png,Yihui Xie,388,2021-11-16,MIT,"['Blog', 'Minimal', 'Personal']",https://github.com/yihui/hugo-xmin,https://themes.gohugo.io/themes/hugo-xmin/
Archie,Archie is a minimal and clean theme for hugo with a markdown-ish UI.,https://d33wubrfki0l68.cloudfront.net/9a31ee1e5c9b7d6acbd29580c8691eea4cc62f85/5bf08/themes/archie/screenshot_hu8242e3e9ab7a87e68cc001425a41cc5b_207481_750x500_fill_catmullrom_top_2.png,Athul Cyriac Ajay,352,2021-09-25,MIT,"['Blog', 'Minimal', 'Personal', 'Responsive']",https://github.com/vividvilla/ezhil,https://themes.gohugo.io/themes/archie/
Hugo Future Imperfect,"Ported theme of HTML5 UP, future imperfect, with some extra goodies",https://d33wubrfki0l68.cloudfront.net/4c91d62382c310238bdf7b2aca0da415e735199c/a12dc/themes/hugo-future-imperfect/screenshot_hu08bbfa3380a3ff76fb20b525ece6d69d_393195_750x500_fill_catmullrom_top_2.png,Julio Pescador,308,2018-02-27,MIT,"['Blog', 'Responsive', 'recent release of Hugo.', 'Version Configuration', 'tag a new version.']",https://github.com/jpescador/hugo-future-imperfect/blob/master/LICENSE.md,https://themes.gohugo.io/themes/hugo-future-imperfect/
Hugo Fresh,A Hugo adaptation of the Fresh theme from CSS Ninja,https://d33wubrfki0l68.cloudfront.net/759b7396fd8035fb2d147f63abad98ba7d401a31/552ae/themes/hugo-fresh/screenshot_hu59575f96195d76c58e16ef86a2d7af31_99859_750x500_fill_catmullrom_top_2.png,Stefan M.,345,2021-02-16,MIT,"['Company', 'Landing', 'Light', 'Responsive']",https://github.com/StefMa/hugo-fresh,https://themes.gohugo.io/themes/hugo-fresh/
Cactus,"A clean, responsive hugo theme for personal blog. Forked from hexo theme cactus created by @probberechts.",https://d33wubrfki0l68.cloudfront.net/7d499438f56f15f5fd8eaac847b13e6e597c6182/fc7b8/themes/hugo-theme-cactus/screenshot_huedeb95feac8c0c181c49db2a5b2f3487_147349_750x500_fill_catmullrom_top_2.png,Zeran Wu,286,2021-08-31,MIT,"['Blog', 'Responsive']",https://github.com/probberechts/hexo-theme-cactus,https://themes.gohugo.io/themes/hugo-theme-cactus/
Clarity,A theme based on VMware's Clarity Design System for publishing technical blogs with Hugo.,https://d33wubrfki0l68.cloudfront.net/a631041fe27cfae085eb26c1ccf61d4f2e9e18af/27c09/themes/hugo-clarity/screenshot_hu2cd54450b592ee9d02acbc9f938e02d8_124394_750x500_fill_catmullrom_top_2.png,Chip Zoller,276,2021-10-18,MIT,"['Blog', 'Dark']",https://github.com/KaTeX/KaTeX/tree/master/contrib/mhchem,https://themes.gohugo.io/themes/hugo-clarity/
Minimal,Personal blog theme powered by Hugo,https://d33wubrfki0l68.cloudfront.net/e5b40c63a74a075f99ac760891473af73a203e81/d2dbb/themes/minimal/screenshot_hu58f107a72345a24a50cc13bb6e35a0d1_46775_750x500_fill_catmullrom_top_2.png,Calin Tataru,361,2021-01-03,MIT,"['Blog', 'Minimal', 'Personal', 'Responsive']",https://github.com/calintat/minimal,https://themes.gohugo.io/themes/minimal/
Blackburn,"A clear, responsive theme constructed using Pure CSS from Yahoo",https://d33wubrfki0l68.cloudfront.net/b35a63a87dbd19e40d983099a31647164eff018d/ef668/themes/blackburn/screenshot_hu96b78b2397b09d65dc28b30e64323e3b_122209_750x500_fill_catmullrom_top_2.png,Yoshiharu Yamashita,294,2021-10-14,MIT,"['Blog', 'Personal', 'Responsive']",https://github.com/yoshiharuyamashita/blackburn,https://themes.gohugo.io/themes/blackburn/
Hugo Future Imperfect Slim,Future Imperfect Theme - Slimmed Down,https://d33wubrfki0l68.cloudfront.net/015c6c3e03db504fc204314127ee397c19fec61b/5d5ce/themes/hugo-future-imperfect-slim/screenshot_hu0b1bd11905bfa7fe1fe498219ace40f8_788461_750x500_fill_catmullrom_top_2.png,Patrick Collins,278,2021-11-05,Creative Commons Attribution 3.0 Unported,"['Blog', 'Contact', 'Gallery', 'Multilingual', 'Responsive']",https://github.com/pacollins/hugo-future-imperfect-slim/blob/master/LICENSE.md,https://themes.gohugo.io/themes/hugo-future-imperfect-slim/
Meghna Hugo,Hugo port of the Themefisher’s Meghna Template,https://d33wubrfki0l68.cloudfront.net/2bb6985b901d0015b92b2fb7a599254739178a26/105d4/themes/meghna-hugo/screenshot_hua08ed15aee9bdb7eb6d182ddeac95548_789341_750x500_fill_catmullrom_top_2.png,Themefisher,300,2021-09-01,MIT,"['Blog', 'Bootstrap', 'Company', 'Contact', 'Dark', 'Landing', 'Minimal', 'Portfolio', 'Responsive']",https://github.com/themefisher/meghna-hugo/graphs/contributors,https://themes.gohugo.io/themes/meghna-hugo/
Creative portfolio,Port of the creative portfolio theme,https://d33wubrfki0l68.cloudfront.net/8ac26dd757aacd983cd6cfd8d32d98ea49ec9e4d/aba99/themes/hugo-creative-portfolio-theme/screenshot_huae92bd9f36dca86a00d2df27da4a735b_565314_750x500_fill_catmullrom_top_2.png,Kishan B,342,2021-10-30,MIT,"['Minimal', 'Portfolio', 'Responsive']",https://github.com/kishaningithub/hugo-creative-portfolio-theme/pulls,https://themes.gohugo.io/themes/hugo-creative-portfolio-theme/
Clean White,"A clean, elegant blog theme for hugo",https://d33wubrfki0l68.cloudfront.net/16956bdf27c166c2769c60e207237ce9fe15e102/80847/themes/hugo-theme-cleanwhite/screenshot_hud39518ca948eca26996ff5971e1afa58_406590_750x500_fill_catmullrom_top_2.png,Huabing Zhao,352,2021-10-07,Apache,"['Blog', 'Light', 'Minimal', 'Responsive']",https://github.com/zhaohuabing/hugo-theme-cleanwhite/issues/115,https://themes.gohugo.io/themes/hugo-theme-cleanwhite/
LeaveIt,"A simple, clean blog theme for hugo.",https://d33wubrfki0l68.cloudfront.net/01035b27a180300d7bda1fc6b6fd1d50eb5e6749/ece4e/themes/leaveit/screenshot_hu9b0db31b2b5132f074ba06eea9ac65a8_165080_750x500_fill_catmullrom_top_2.png,LiuZhichao,376,2018-11-04,MIT,"['Blog', 'Dark', 'Gallery', 'Minimal', 'Responsive', 'recent release of Hugo.', 'Version Configuration', 'tag a new version.']",https://github.com/google/code-prettify,https://themes.gohugo.io/themes/leaveit/
Anatole,Anatole is a beautiful minimalist two-column hugo theme based on farbox-theme-Anatole.,https://d33wubrfki0l68.cloudfront.net/413371289a250d2cd0c405bc81ec7b6be9f02112/66f97/themes/anatole/screenshot_hu1d86c70d5c23821544504d1e612bea9c_140822_750x500_fill_catmullrom_top_2.png,Alexander Bilz,366,2021-11-03,MIT,"['Blog', 'Dark', 'Minimal', 'Personal', 'Responsive']",https://github.com/lxndrblz/anatole/blob/master/exampleSite/content/english/post/redirect.md,https://themes.gohugo.io/themes/anatole/
Call me Sam.,Simple And Minimalist theme for Hugo.,https://d33wubrfki0l68.cloudfront.net/e20a77229d2415382bd7f0a07715bcae59704f5a/82902/themes/hugo-theme-sam/screenshot_hu0eac4de1193800afe94a20994967d3a1_16242_750x500_fill_catmullrom_top_2.png,Victoria Drake,363,2020-11-14,Apache-2.0,"['Blog', 'Gallery', 'Minimal', 'Portfolio', 'Responsive']",https://github.com/victoriadrake/hugo-theme-sam/blob/master/LICENSE,https://themes.gohugo.io/themes/hugo-theme-sam/
m10c,A minimalistic (m10c) theme for bloggers,https://d33wubrfki0l68.cloudfront.net/48484deb7d49d4e18b2b9cc1c926d2773bf0ee64/12caf/themes/hugo-theme-m10c/screenshot_hu2893599ab56f678e40236c848f4dc2b9_151653_750x500_fill_catmullrom_top_2.png,vaga,281,2021-03-08,MIT,"['Blog', 'Dark', 'Minimal', 'Responsive']",https://github.com/feathericons/feather/blob/master/LICENSE,https://themes.gohugo.io/themes/hugo-theme-m10c/
Airspace Hugo,Hugo port of the Themefisher’s Airspace theme,https://d33wubrfki0l68.cloudfront.net/59939511f3cda77028df420561b6a738b472d38f/01404/themes/airspace-hugo/screenshot_hu98d62891f734521b42e8788211b928f1_772451_750x500_fill_catmullrom_top_2.png,Themefisher,260,2021-09-14,MIT,"['Blog', 'Bootstrap', 'Company', 'Light', 'Minimal', 'Multilingual', 'Portfolio', 'Responsive']",https://github.com/themefisher/airspace-hugo/graphs/contributors,https://themes.gohugo.io/themes/airspace-hugo/
Notepadium,"a fast Hugo theme, 100% JavaScript-free.",https://d33wubrfki0l68.cloudfront.net/e86055f2d70ae4edb5902f30af0e7c423f676b7d/c3fb1/themes/hugo-notepadium/screenshot_hu0be0849b62c5d4b0cffa15399794eeeb_295509_750x500_fill_catmullrom_top_2.png,lvv,276,2020-07-14,MIT,['Blog'],https://github.com/cntrump/hugo-notepadium,https://themes.gohugo.io/themes/hugo-notepadium/
Orbit,Responsive Resume/CV Theme for Developers,https://d33wubrfki0l68.cloudfront.net/4304987bd64e0f401f0c19801d43266b4e29e573/b01a7/themes/hugo-orbit-theme/screenshot_hu312b278c184e5b83a224ed009e8e9bb3_940798_750x500_fill_catmullrom_top_2.png,Pavel Kanyshev,235,2017-05-15,MIT,[],https://github.com/aerohub/hugo-orbit-theme,https://themes.gohugo.io/themes/hugo-orbit-theme/
Fuji,A minimal Hugo theme with nice theme color.,https://d33wubrfki0l68.cloudfront.net/23e43a1909667bf315073837b8f35a40d818e434/1a29e/themes/hugo-theme-fuji/screenshot_hua7e33cf978d42eb8f4f89a49522b4109_120146_750x500_fill_catmullrom_top_2.png,DSRKafuU,244,2021-06-09,Apache-2.0,"['Blog', 'Dark Mode', 'Minimal', 'Responsive']",https://github.com/dsrkafuu/hugo-theme-fuji/graphs/contributors,https://themes.gohugo.io/themes/hugo-theme-fuji/
Geekdoc,Hugo theme made for documentation,https://d33wubrfki0l68.cloudfront.net/b5237b91e21ca473f03a1a73c8b5da4f776a516e/afa37/themes/hugo-geekdoc/screenshot_hu13215bf10a5a05d3b04b1c32d41718b9_519816_750x500_fill_catmullrom_top_2.png,Robert Kaussow,223,2021-11-24,MIT,"['Docs', 'Responsive']",https://github.com/google/material-design-icons/blob/main/LICENSE,https://themes.gohugo.io/themes/hugo-geekdoc/
Github Style,github-style hugo theme,https://d33wubrfki0l68.cloudfront.net/d490308258f70b0c7cfa1c68deaedc09f99dfbd6/05d5d/themes/github-style/screenshot_hu9a34a7b7be3198315ac0644c125e1c4e_208578_750x500_fill_catmullrom_top_2.png,MeiK,237,2021-11-26,MIT,['Blog'],https://github.com/MeiK2333/github-style,https://themes.gohugo.io/themes/github-style/
Bilberry Hugo Theme,Bilberry is a premium Hugo theme with many great features. This is a Hugo adaptation and further optimization of the Lingonberry WordPress theme by Anders Norén.,https://d33wubrfki0l68.cloudfront.net/852840d7d7dae9284f8016368a584173385b717c/a1f1b/themes/bilberry-hugo-theme/screenshot_hu8c5da047ecbd33786236593dc22b9c07_114820_750x500_fill_catmullrom_top_2.png,Lednerb | Sascha Brendel,224,2021-11-08,MIT,"['Blog', 'Gallery', 'Multilingual', 'Personal', 'Responsive']",https://github.com/kentcdodds/all-contributors,https://themes.gohugo.io/themes/bilberry-hugo-theme/
Hugo Theme Pure,A powerful and pure theme for hugo~enjoy~,https://d33wubrfki0l68.cloudfront.net/f8d49090ce99aba74ec07940733775630ab13065/95440/themes/hugo-theme-pure/screenshot_hu669a3dcc90837cd640a561d5c303265a_66977_750x500_fill_catmullrom_top_2.png,xiaoheiah,230,2021-06-07,MIT,"['Blog', 'Dark', 'Light']",https://github.com/olOwOlo/hugo-theme-even,https://themes.gohugo.io/themes/hugo-theme-pure/
Kross Hugo,Hugo port of the Themefisher’s Kross Template,https://d33wubrfki0l68.cloudfront.net/63f42e86eaf7b46c74aa94c31515583990ea5253/44668/themes/kross-hugo-portfolio-template/screenshot_hua1726dc50382dc8979d1f90fa43be446_229423_750x500_fill_catmullrom_top_2.png,Themefisher,220,2021-10-26,MIT,"['Blog', 'Bootstrap', 'Contact', 'Landing', 'Light', 'Minimal', 'Portfolio', 'Responsive']",https://github.com/themefisher/kross-hugo/graphs/contributors,https://themes.gohugo.io/themes/kross-hugo-portfolio-template/
Codex,A minimal blog theme for hugo,https://d33wubrfki0l68.cloudfront.net/12a0839ca9718a63d9a7a3e82785db7f1b23f579/43e54/themes/hugo-theme-codex/screenshot_hu2e503dcb16114be293da4f05196c31ac_32296_750x500_fill_catmullrom_top_2.png,Jake Wiesler,265,2021-07-26,MIT,['Blog'],https://github.com/all-contributors/all-contributors,https://themes.gohugo.io/themes/hugo-theme-codex/
Goa,Simple Minimalist Hugo Theme,https://d33wubrfki0l68.cloudfront.net/dff54f59f068dbcaf66b18e5120c94bdc026683f/8dd14/themes/hugo-goa/screenshot_huee4ff94bd3b3fcb16436d7b4f52d3b33_291005_750x500_fill_catmullrom_top_2.png,Rajesh Shenoy,218,2021-09-29,MIT,"['Bootstrap', 'Minimal']",https://github.com/shenoybr/hugo-goa/blob/master/exampleSite/config.toml,https://themes.gohugo.io/themes/hugo-goa/
Kiss,Stupidly simple Hugo blogging theme,https://d33wubrfki0l68.cloudfront.net/332664c7e8f163d5bd95c9873e4a2353ffd6cfe5/6ffec/themes/kiss/screenshot_hu6d04c9b317970e35b947a10bffe26660_137299_750x500_fill_catmullrom_top_2.png,ribice,275,2018-11-02,MIT,"['Blog', 'Minimal', 'Responsive', 'recent release of Hugo.', 'Version Configuration', 'tag a new version.']",https://github.com/colebemis/feather/blob/master/LICENSE,https://themes.gohugo.io/themes/kiss/
Diary,"Moments piled up. A simple, elegant blog theme.",https://d33wubrfki0l68.cloudfront.net/0a17e6806370d121ee3b9074fed66e6b243d4699/6f822/themes/hugo-theme-diary/screenshot_huab6c8a211eb0b19026bd4e01980b8aed_386455_750x500_fill_catmullrom_top_2.png,amazingrise,242,2021-10-15,MIT,['Blog'],https://github.com/AmazingRise/hugo-theme-diary/wiki/Troubleshooting,https://themes.gohugo.io/themes/hugo-theme-diary/
Yinyang,Yinyang theme for Hugo.,https://d33wubrfki0l68.cloudfront.net/5b7dbd3683c568b6720d703ecaae44a5d35797c8/32ab6/themes/hugo-theme-yinyang/screenshot_hu0dfbc6dde5b15cb5aea54ce8523a2b15_16867_750x500_fill_catmullrom_top_2.png,Joway Wang,276,2021-06-15,MIT,"['Blog', 'Minimal', 'Personal', 'Responsive']",https://github.com/joway/hugo-theme-yinyang/blob/master/layouts/partials/seo.html,https://themes.gohugo.io/themes/hugo-theme-yinyang/
Hugo Novela,A Hugo port of the Novela theme by Narative,https://d33wubrfki0l68.cloudfront.net/9409feffbfec0a64eafdfa6fb6553fb0054441bf/4975e/themes/hugo-theme-novela/screenshot_hu8a877333df44e961b95af7f16021ba56_470655_750x500_fill_catmullrom_top_2.png,The New Dynamic,279,2021-02-22,MIT,['Blog'],https://github.com/forestryio/novela-hugo-starter,https://themes.gohugo.io/themes/hugo-theme-novela/
Ink,"Crisp, minimal personal website and blog theme Hugo.",https://d33wubrfki0l68.cloudfront.net/27049798cfe560e37dc73bdbe7e3c9c633c2ab49/ec637/themes/hugo-ink/screenshot_hu65925b56d615a57518b5b2ec9c568fc1_82047_750x500_fill_catmullrom_top_2.png,Kailash Nadh,269,2021-01-10,MIT,"['Blog', 'Dark', 'Minimal', 'Personal', 'Portfolio', 'Responsive']",https://github.com/vividvilla/ezhil,https://themes.gohugo.io/themes/hugo-ink/
Cupper,"An accessibility-friendly Hugo theme, ported from the original Cupper project.",https://d33wubrfki0l68.cloudfront.net/0b00f082fdc7c050553841f1b011a71bf38c8ac6/312ec/themes/cupper-hugo-theme/screenshot_huc10b8c3467703717c95eba9c21235574_137593_750x500_fill_catmullrom_top_2.png,Zachary Betz,203,2021-10-25,MIT,"['Blog', 'Dark', 'Docs']",https://github.com/zwbetz-gh/cupper-hugo-theme/tree/master/exampleSite,https://themes.gohugo.io/themes/cupper-hugo-theme/
Pickles,"Pickles is a modern, simple and beautiful Hugo theme",https://d33wubrfki0l68.cloudfront.net/d273c4365681e8bbb85f8835cf4d4d6ac0bdec04/5b0ca/themes/hugo_theme_pickles/screenshot_hu8733d2eacf8870c82562e91178de2de5_314184_750x500_fill_catmullrom_top_2.png,nil,171,2021-10-03,MIT,"['Blog', 'Light', 'Minimal', 'Responsive']",https://github.com/mismith0227/hugo_theme_pickles/tree/develop,https://themes.gohugo.io/themes/hugo_theme_pickles/
DevResume,DevResume is a free Bootstrap 4 resume/CV template made for software developers.,https://d33wubrfki0l68.cloudfront.net/03ed0f5dd30159706febc3fb9a9f9cd75402db78/0e834/themes/hugo-devresume-theme/screenshot_hu95e5422a1985b68738f718e0a6e14538_222231_750x500_fill_catmullrom_top_2.png,Jerry Kiely,190,2020-09-01,MIT,[],https://github.com/cowboysmall-tools/hugo-devresume-theme,https://themes.gohugo.io/themes/hugo-devresume-theme/
Anubis,A minimal Hugo theme,https://d33wubrfki0l68.cloudfront.net/b5d06f4d22c5c464c30f662b1d563a186aaab416/c6a15/themes/hugo-theme-anubis/screenshot_hu82ccb77e981ab5501ddaac1659cf4b50_106313_750x500_fill_catmullrom_top_2.png,Dmitry Kolosov,197,2021-11-16,MIT,"['Blog', 'Dark', 'Light', 'Minimal', 'Multilingual', 'Personal', 'Responsive']",https://github.com/mitrichius/hugo-theme-anubis/issues,https://themes.gohugo.io/themes/hugo-theme-anubis/
Resume,"Personal resume with social handles, skills inventory, work history and portfolio. Includes native CMS editor experience with Netlify CMS. Ported from StartBootstrap 'Resume' theme",https://d33wubrfki0l68.cloudfront.net/28782a71e970398509bf145eeec6dda6499ae24d/05912/themes/hugo-resume/screenshot_hu07d6164863e699401a9cf64c419f3a6d_260328_750x500_fill_catmullrom_top_2.png,Eddie Webb,165,2021-09-09,MIT,"['Portfolio', 'Responsive']",https://github.com/eddiewebb/hugo-resume/blob/master/exampleSite/static/admin,https://themes.gohugo.io/themes/hugo-resume/
Dream,A hugo theme named dream,https://d33wubrfki0l68.cloudfront.net/04e68122bbd02df3d3477c94e641693b2333bf96/b6bec/themes/hugo-theme-dream/screenshot_hu98b3a1164a3164413e44289c87f2d3a7_359078_750x500_fill_catmullrom_top_2.png,Yue Yang,227,2021-01-27,MIT,"['Blog', 'Dark Mode', 'Light Mode', 'Personal', 'Responsive']",https://github.com/g1eny0ung/blog,https://themes.gohugo.io/themes/hugo-theme-dream/
uBlogger,The whole focus of the topic is on ease of reading for visitors and SEO optimization.,https://d33wubrfki0l68.cloudfront.net/d517dbad40cc0ab9de5ce443a95da428200bb5ea/151db/themes/ublogger/screenshot_hu19f9862791b119a6e319e806933fbd42_72251_750x500_fill_catmullrom_top_2.png,uPagge,218,2020-12-30,MIT,"['Blog', 'Dark', 'Responsive']",https://github.com/umputun/remark42/,https://themes.gohugo.io/themes/ublogger/
Hugo Serif,"Serif is an advanced multi page theme for Hugo. It contains multiple content types for a typical business website. The theme is fully responsive, blazing fast and artfully illustrated.",https://d33wubrfki0l68.cloudfront.net/0266076eb6eca3a93a0f73fd121f87e6a60b95b8/bcc3d/themes/hugo-serif-theme/screenshot_hu804b0d603c8bd9bb78807547942a1f01_149418_750x500_fill_catmullrom_top_2.png,Robert Austin,219,2021-07-09,MIT,"['Bootstrap', 'Company', 'Light', 'Personal', 'Responsive']",https://github.com/zerostaticthemes/gatsby-serif-theme,https://themes.gohugo.io/themes/hugo-serif-theme/
KeepIt,A minimal and responsive theme for Hugo.,https://d33wubrfki0l68.cloudfront.net/58bab598cfccca56378ec1fa0178663ed2e75144/73dbc/themes/keepit/screenshot_hud46a523e4dd429ffbb905615c99e6608_52054_750x500_fill_catmullrom_top_2.png,Fastbyte01,176,2021-11-14,MIT,"['Blog', 'Dark', 'Gallery', 'Minimal', 'Responsive']",https://github.com/shenoybr/hugo-goa,https://themes.gohugo.io/themes/keepit/
hugo-theme-console,"A minimal, responsive and light theme for Hugo inspired by Linux console.",https://d33wubrfki0l68.cloudfront.net/f926dc3cb3d6aa9a044d451c41512d6198193713/4a3ee/themes/hugo-theme-console/screenshot_hub06a86cb8278e203f36bf2192b4be232_581839_750x500_fill_catmullrom_top_2.png,Marcin Mierzejewski,187,2021-03-09,MIT,"['Blog', 'Gallery', 'Landing', 'Minimal', 'Personal', 'Portfolio', 'Responsive']",https://github.com/panr/hugo-theme-terminal/blob/master/LICENSE.md,https://themes.gohugo.io/themes/hugo-theme-console/
Portio,"Portio is a simple, minimal and responsive Portfolio Hugo Theme. Portio is well organized, well-formatted and named accordingly so it’s easy to change any and all of the design. Portio is built with Bootstrap 4. You can customize it very easy to fit your needs.",https://d33wubrfki0l68.cloudfront.net/e0a70e9aa40e214302f70f733836f9c942f5240e/d3aa0/themes/portio-hugo/screenshot_hub09a4642b2cde8affc10b69961e31daa_651880_750x500_fill_catmullrom_top_2.png,Static Mania,211,2020-08-25,MIT,"['Blog', 'Bootstrap', 'Contact', 'Light', 'Minimal', 'Personal', 'Portfolio', 'Responsive']",https://github.com/StaticMania/portio-hugo/blob/master/LICENSE,https://themes.gohugo.io/themes/portio-hugo/
hyde-hyde,A simply cool Hyde inspired theme,https://d33wubrfki0l68.cloudfront.net/65ac904b622b151ec0fb77fa552768471eefa56a/1d442/themes/hyde-hyde/screenshot_hua551997bc3b1a6f34a0cbf6b9545ab4f_362638_750x500_fill_catmullrom_top_2.png,htr3n,229,2018-09-30,MIT,"['Blog', 'Personal', 'Responsive', 'recent release of Hugo.', 'Version Configuration', 'tag a new version.']",https://github.com/htr3n/hyde-hyde/blob/master/static-src/scss/hyde-hyde/_project.scss,https://themes.gohugo.io/themes/hyde-hyde/
Dot,"Dot, A documentation theme powered by hugo",https://d33wubrfki0l68.cloudfront.net/adbc1fc9bebcc5e7ed4fa008ca1cd3bab2a9ae91/505c3/themes/dot-hugo-documentation-theme/screenshot_hu0e8551a7416ed52d94a3561e173a56d1_511161_750x500_fill_catmullrom_top_2.png,Themefisher,193,2020-06-28,MIT Licence,"['Bootstrap', 'Contact', 'Docs', 'Light', 'Minimal', 'Multilingual', 'Responsive']",https://github.com/themefisher/dot-hugo-documentation-theme/issues,https://themes.gohugo.io/themes/dot-hugo-documentation-theme/
Syna,"A customizable one to multi page theme for open source projects, companies and freelancers.",https://d33wubrfki0l68.cloudfront.net/56c886a71e3cfba44e8ce40536422e03dba4bef8/feab6/themes/syna/screenshot_hu67f3338107d8d55d9a97ea2dda03e458_680382_750x500_fill_catmullrom_top_2.png,Okkur Labs,221,2020-10-23,Apache License 2.0,"['Blog', 'Bootstrap', 'Company', 'Docs', 'Personal', 'Portfolio', 'Responsive']",https://github.com/okkur/syna/releases,https://themes.gohugo.io/themes/syna/
Hugo Bootstrap v4 Blog,A simple Hugo theme based on the Bootstrap v4 blog example.,https://d33wubrfki0l68.cloudfront.net/a2094a5408e1b2d00b21a36fdc430e8731045660/71f8d/themes/hugo-theme-bootstrap4-blog/screenshot_hub821addcbfc16ee242d2aa5cd66bb52c_101392_750x500_fill_catmullrom_top_2.png,Alan Orth,197,2020-12-05,CC-BY-3.0,"['Blog', 'Bootstrap']",https://github.com/alanorth/hugo-theme-bootstrap4-blog/compare,https://themes.gohugo.io/themes/hugo-theme-bootstrap4-blog/
Tale,A port of the Tale theme for Hugo. Tale is a minimal Jekyll theme curated for storytellers.,https://d33wubrfki0l68.cloudfront.net/e5b3e4af720a301d5b48e15bb121a67abbc029b6/492fe/themes/tale-hugo/screenshot_hub892b220c5de7f84cf0d244daca9a108_229282_750x500_fill_catmullrom_top_2.png,Emiel Hollander,221,2021-03-10,MIT,"['Blog', 'Light', 'Minimal', 'Personal', 'Responsive']",https://github.com/EmielH/tale-hugo/blob/master/LICENSE,https://themes.gohugo.io/themes/tale-hugo/
Hugo Bear Blog,"A Hugo theme based on »Bear Blog«. Free, no-nonsense, super-fast blogging. »Bear Blog« now includes a dark color scheme to support dark mode!",https://d33wubrfki0l68.cloudfront.net/b84a1a8dd4023aa9e15fcc4552407549e3aa7266/a087a/themes/hugo-bearblog/screenshot_hu504f5d0b35f6784740b4d32517734a4c_37714_750x500_fill_catmullrom_top_2.png,Jan Raasch,178,2021-08-13,MIT,"['Blog', 'Dark Mode', 'Light', 'Minimal', 'Responsive']",https://github.com/janraasch/hugo-bearblog/pulls,https://themes.gohugo.io/themes/hugo-bearblog/
Liva Hugo,Hugo port of the Themefisher’s Liva Template,https://d33wubrfki0l68.cloudfront.net/12689d7e0e2a0b71dd45716fce7f7c72155a0b04/07ebe/themes/liva-hugo/screenshot_hu40da5f135ef0c71f846da23f4a4e96ad_107414_750x500_fill_catmullrom_top_2.png,Themefisher,148,2021-09-08,MIT,"['Blog', 'Bootstrap', 'Contact', 'Landing', 'Light', 'Minimal', 'Portfolio', 'Responsive']",https://github.com/gethugothemes/liva-hugo/graphs/contributors,https://themes.gohugo.io/themes/liva-hugo/
Elate,Elate theme ported to Hugo by Pieter Saey,https://d33wubrfki0l68.cloudfront.net/b585d44e00d0780ab13db2e91cb721a6b0c5355e/5d706/themes/hugo-elate-theme/screenshot_hu5cc367c77d62b2ea64ff5b6795e18903_311765_750x500_fill_catmullrom_top_2.png,Pieter Saey,172,2019-01-13,MIT,[],https://github.com/saey55/hugo-elate-theme,https://themes.gohugo.io/themes/hugo-elate-theme/
ghostwriter,A fork of simple AJAX driven theme for the Ghost blogging platform ported to Hugo.,https://d33wubrfki0l68.cloudfront.net/fef9dae8866b82dd3771f47acf5f3be418572429/c1292/themes/ghostwriter/screenshot_hu92cf193a9082903ffb57d69254ab63dd_188170_750x500_fill_catmullrom_top_2.png,Juraj Bubniak,163,2020-10-04,MIT,"['Blog', 'Personal']",https://github.com/roryg/ghostwriter,https://themes.gohugo.io/themes/ghostwriter/
harbor,Simple and minimal personal blog theme,https://d33wubrfki0l68.cloudfront.net/cb7c5d35a1ebc67595726c1bfe648bd6b854d86d/73beb/themes/harbor/screenshot_hu73b0375c3823fcea3a28cc37cd341cc7_176893_750x500_fill_catmullrom_top_2.png,matsuyoshi30,164,2021-03-28,MIT,"['Blog', 'Minimal']",https://github.com/matsuyoshi30/harbor,https://themes.gohugo.io/themes/harbor/
Blank,Starter Hugo theme for developers.,https://d33wubrfki0l68.cloudfront.net/a4538d6f9f41cb3ca76a9757a4824063183384a4/01268/themes/blank/screenshot_hue9dde1fe7d88e6ad4ad1c3babe5a83f5_96162_750x500_fill_catmullrom_top_2.png,Vimux,152,2021-10-10,MIT,['Blog'],https://github.com/Vimux/blank/blob/master/LICENSE,https://themes.gohugo.io/themes/blank/
Techdoc,The Techdoc is a Hugo Theme for technical documentation.,https://d33wubrfki0l68.cloudfront.net/556bb1bcce3f42d223451617ee370cf46dbe7aab/7b047/themes/hugo-theme-techdoc/screenshot_hubc933344915d7016fa8cfdaf4a8842d2_191807_750x500_fill_catmullrom_top_2.png,thingsym,135,2021-10-18,MIT,"['Docs', 'Responsive']",https://github.com/iamkun/dayjs,https://themes.gohugo.io/themes/hugo-theme-techdoc/
Raditian Free Hugo Theme,"A free Hugo Theme by Radity: Modern, Fast, Fresh and of course responsive.",https://d33wubrfki0l68.cloudfront.net/3c68e06242aa71bda258fbf43de957cdaf80bfb6/515f6/themes/raditian-free-hugo-theme/screenshot_hu82f31db33a579a4068be64367d34e394_141532_750x500_fill_catmullrom_top_2.png,Radity,169,2020-07-16,MIT,"['Bootstrap', 'Contact', 'Landing', 'Light', 'Minimal', 'Personal', 'Portfolio', 'Responsive']",https://github.com/radity/raditian-free-hugo-theme/blob/master/LICENSE,https://themes.gohugo.io/themes/raditian-free-hugo-theme/
Zen,A solid base for your custom Hugo theme with pipes support for Sass and Javascript.,https://d33wubrfki0l68.cloudfront.net/3a6a32b5980a9d57aac2b2936c3e6ae83f88bed5/c575f/themes/hugo-theme-zen/screenshot_hu3d5cb13ab73a8b2c814e9c52c784d3c9_74128_750x500_fill_catmullrom_top_2.png,Fredrik Jonsson,142,2021-09-29,GPLv2,"['Blog', 'Multilingual', 'Podcast', 'Responsive']",https://github.com/tabler/tabler-icons,https://themes.gohugo.io/themes/hugo-theme-zen/
Hero,Hero is a multipurpose theme with fullscreen hero images and fullwidth sections. It contains content types for a business or portfolio site.,https://d33wubrfki0l68.cloudfront.net/04ab7b661ff5c646f24f4aa6f3de0dc9c912fa03/cc861/themes/hugo-hero-theme/screenshot_hu04a001f06906f2d394d00aa2a8ddbc21_1040222_750x500_fill_catmullrom_top_2.png,Robert Austin,160,2021-07-09,MIT,"['Bootstrap', 'Company', 'Minimal', 'Portfolio', 'Responsive']",https://github.com/zerostaticthemes/hugo-hero-theme/archive/master.zip,https://themes.gohugo.io/themes/hugo-hero-theme/
Black & Light,nil,https://d33wubrfki0l68.cloudfront.net/e5b6e92c4770eb3a450bc160616ba1b0885ff195/0e050/themes/hugo-black-and-light-theme/screenshot_huc3930a73e6684b56cabfeda5543f0a1b_360299_750x500_fill_catmullrom_top_2.png,David Hamp-Gonsalves,174,2020-06-13,GNU3.0,"['Light', 'Minimal', 'Personal', 'Responsive']",https://github.com/davidhampgonsalves/hugo-black-and-light-theme,https://themes.gohugo.io/themes/hugo-black-and-light-theme/
Noteworthy,A minimalist Hugo theme for writers and bloggers.,https://d33wubrfki0l68.cloudfront.net/d6f56bb456f589c4367ff67d23ccdc5294b30070/a9fc0/themes/hugo-theme-noteworthy/screenshot_hu860e7dcf996434b5c6759669959668bc_156022_750x500_fill_catmullrom_top_2.png,kimcc,163,2021-07-08,MIT,"['Blog', 'Light', 'Minimal', 'Responsive']",https://github.com/kimcc/hugo-theme-noteworthy/blob/master/LICENSE.md,https://themes.gohugo.io/themes/hugo-theme-noteworthy/
DoIt,"A Clean, Elegant but Advanced Hugo Theme for Hugo.",https://d33wubrfki0l68.cloudfront.net/84ca48936d25600bfcb2cd4d040a9e5d1b6c75ef/fc898/themes/doit/screenshot_hu2fddbb30d71e29545138ffd7de28e5ce_493975_750x500_fill_catmullrom_top_2.png,PCloud,157,2021-11-06,MIT,"['Blog', 'Dark', 'Responsive']",https://github.com/buunguyen/topbar,https://themes.gohugo.io/themes/doit/
Sustain,"Personal blog built with Bootstrap, powered by Hugo",https://d33wubrfki0l68.cloudfront.net/d62d2f591a6c0cfaa640d90369021a0272243476/25cd3/themes/hugo-sustain/screenshot_hua0d4c6877392f226afa35adcaee71e7e_246542_750x500_fill_catmullrom_top_2.png,Nurlan Suyundukov,173,2021-02-13,MIT,"['Blog', 'Minimal', 'Responsive']",https://github.com/biomadeira/,https://themes.gohugo.io/themes/hugo-sustain/
Whisper,Whisper is a minimal documentation theme built for Hugo. The design and functionality is intentionally minimal.,https://d33wubrfki0l68.cloudfront.net/a6f2450b1cc63132050181ebedae9574617fc890/021f8/themes/hugo-whisper-theme/screenshot_hu08212d9449477be8afd4c495983a1be2_83670_750x500_fill_catmullrom_top_2.png,Robert Austin,175,2021-07-09,MIT,"['Bootstrap', 'Docs', 'Minimal', 'Responsive']",https://github.com/zerostaticthemes/hugo-whisper-theme/archive/master.zip,https://themes.gohugo.io/themes/hugo-whisper-theme/
Bootstrap Blog Theme,"An extreme fast, responsive and feature-rich blog theme for Hugo",https://d33wubrfki0l68.cloudfront.net/b062598ab61b82ce08b1b0edc12332e6623e8c90/eabda/themes/hugo-theme-bootstrap/screenshot_hu460bc36fb2f0f7c217811693f5ea163d_365647_750x500_fill_catmullrom_top_2.png,Razon Yang,147,2021-11-24,MIT,"['Blog', 'Bootstrap', 'Dark', 'Light', 'Multilingual', 'Personal', 'Responsive']",https://github.com/razonyang/hugo-theme-bootstrap/issues/new,https://themes.gohugo.io/themes/hugo-theme-bootstrap/
newsroom,A simple open source theme for publishing multi-purpose content,https://d33wubrfki0l68.cloudfront.net/103bb07213a5f9dd4b3f00fcd4bf582a40b4e147/fcc20/themes/newsroom/screenshot_hub5fd333244b0204c86fc37b866546d16_325963_750x500_fill_catmullrom_top_2.png,weru,152,2021-08-09,MIT,"['Blog', 'Dark', 'Minimal']",https://github.com/onweru/newsroom/blob/master/LICENSE.md,https://themes.gohugo.io/themes/newsroom/
Hugrid,A simple grid theme for Hugo. A kind of boilerplate to perform anyone or anything quickly.,https://d33wubrfki0l68.cloudfront.net/87fbc247c02aa982bb372a8baf73c6e737cc0270/5ee69/themes/hugrid/screenshot_hu7d968f7814c511f3389d25d528d51a53_41244_750x500_fill_catmullrom_top_2.png,Pavel Kanyshev,150,2018-08-02,MIT License,"['Portfolio', 'Responsive', 'recent release of Hugo.', 'Version Configuration', 'tag a new version.']",https://github.com/aerohub/hugrid,https://themes.gohugo.io/themes/hugrid/
Coder Portfolio,It is a theme to have you know yourself than developed based on hugo-coder,https://d33wubrfki0l68.cloudfront.net/50a434306314fe9c9dbf82fb67fd440aa6196763/4a285/themes/hugo-coder-portfolio/screenshot_hu3bc805a7a6dea23dcb7d32d8a29cc71e_75914_750x500_fill_catmullrom_top_2.png,Yusuke Ishimi,143,2020-09-03,MIT,"['Blog', 'Minimal', 'Personal', 'Responsive']",https://github.com/naro143/hugo-coder-portfolio/blob/master/LICENSE.md,https://themes.gohugo.io/themes/hugo-coder-portfolio/
Educenter Hugo,Hugo port of the Themefisher’s Educenter theme,https://d33wubrfki0l68.cloudfront.net/6086431eb46a1d97e79f0ce38c1965568592d5be/286ee/themes/educenter-hugo/screenshot_hu3ed2533867714094b3ffa8c5d2584986_457456_750x500_fill_catmullrom_top_2.png,Themefisher,130,2020-06-30,CC BY 3.0,"['Blog', 'Bootstrap', 'Company', 'Education', 'Light', 'Minimal', 'Multilingual', 'Portfolio', 'Responsive']",https://github.com/themefisher/educenter-hugo/issues,https://themes.gohugo.io/themes/educenter-hugo/
Navigator Hugo,Hugo port of the Themefisher’s Navigator Template,https://d33wubrfki0l68.cloudfront.net/7bac65b6244fe5037d48a5aca8d76a050ec619d4/2df26/themes/navigator-hugo/screenshot_hu09b303979e8ad528902ed9be5b4aa64b_297835_750x500_fill_catmullrom_top_2.png,Themefisher,113,2021-09-08,MIT,"['Blog', 'Bootstrap', 'Company', 'Contact', 'Dark', 'Landing', 'Minimal', 'Multilingual', 'Responsive']",https://github.com/gethugothemes/navigator-hugo/graphs/contributors,https://themes.gohugo.io/themes/navigator-hugo/
Lanyon,Lanyon-Hugo is a theme designed for blogging.,https://d33wubrfki0l68.cloudfront.net/911c77d29e31b13755ea29beab402bdfb2d141f8/3db13/themes/lanyon-hugo/screenshot_huec37ead7ea4f413c8818d79436295dab_124513_750x500_fill_catmullrom_top_2.png,nil,152,2021-01-23,MIT,['Blog'],https://github.com/poole/lanyon#themes,https://themes.gohugo.io/themes/lanyon-hugo/
Researcher,A simple monospaced resume theme for Hugo.,https://d33wubrfki0l68.cloudfront.net/cff87132c0628afbe4d120877f3816f4924c37a4/69755/themes/hugo-researcher/screenshot_hud4eb32ddaccb78dbb174ecb9800ac319_80672_750x500_fill_catmullrom_top_2.png,Olivier Roques,138,2021-07-01,GPL-3.0,"['Blog', 'Bootstrap', 'Minimal', 'Personal', 'Responsive']",https://github.com/ojroques/hugo-researcher/blob/master/LICENSE,https://themes.gohugo.io/themes/hugo-researcher/
Story,"A beautiful, responsive blog and homepage theme with support for features like search, math typesetting, and RemarkJS presentations.",https://d33wubrfki0l68.cloudfront.net/c0ee02497eed9afbcde5e048e5e38ee603b1c67f/a76a8/themes/story/screenshot_hu323c18e4a7f11bd049d22b461cc2c9ef_343047_750x500_fill_catmullrom_top_2.png,Baron Schwartz,148,2019-06-03,MIT,"['Blog', 'Newsletter', 'recent release of Hugo.', 'Version Configuration', 'tag a new version.']",https://github.com/olivernn/lunr.js,https://themes.gohugo.io/themes/story/
Compose,A hugo theme for documentation sites. It's inspired by forestry.io's docs page,https://d33wubrfki0l68.cloudfront.net/a1bceaa2ca8c2391535583759ec5e2509d1dd4cc/f1e70/themes/compose/screenshot_hu2b368fc806e8203364c0aa47ff2ebc2c_236011_750x500_fill_catmullrom_top_2.png,Weru,130,2021-11-24,MIT,"['Dark', 'Docs']",https://github.com/onweru/compose/blob/master/LICENSE,https://themes.gohugo.io/themes/compose/
Parsa Hugo,Hugo port of the Themefisher’s Parsa Template,https://d33wubrfki0l68.cloudfront.net/254de46bcbe29be16cf8aab95f0b338b90efbd27/5e573/themes/parsa-hugo/screenshot_hu221e51f5dc506473d05b0e369ddfdb5d_1712445_750x500_fill_catmullrom_top_2.png,Themefisher,116,2021-10-31,MIT,"['Blog', 'Bootstrap', 'Contact', 'Landing', 'Light', 'Minimal', 'Portfolio', 'Responsive']",https://github.com/themefisher/parsa-hugo/graphs/contributors,https://themes.gohugo.io/themes/parsa-hugo/
Etch,Lightweight Hugo theme with a focus on content,https://d33wubrfki0l68.cloudfront.net/036ec97f0eaccdd1c500ed31269319c48fcef52a/31d18/themes/etch/screenshot_hu043af34df0bd9735712228fd170bf2d1_63479_750x500_fill_catmullrom_top_2.png,Lukas Joswiak,123,2021-10-12,MIT,"['Blog', 'Dark Mode', 'Minimal', 'Responsive']",https://github.com/LukasJoswiak/etch/wiki,https://themes.gohugo.io/themes/etch/
Timer Hugo,Hugo port of the Themefisher’s Navigator Template,https://d33wubrfki0l68.cloudfront.net/84625ab3f1c2c4546fc571d831ffd797959018df/7428d/themes/timer-hugo/screenshot_hub2f78306d88765c58757d0b657f00e40_481046_750x500_fill_catmullrom_top_2.png,Themefisher,113,2021-09-08,MIT,"['Blog', 'Bootstrap', 'Company', 'Contact', 'Landing', 'Light', 'Minimal', 'Responsive']",https://github.com/themefisher/timer-hugo/graphs/contributors,https://themes.gohugo.io/themes/timer-hugo/
Minos,A simple and retro styled theme ported from Hexo,https://d33wubrfki0l68.cloudfront.net/04ff19a2e6be9c70f5a23745dcc12bad899eb1e1/437e6/themes/hugo-theme-minos/screenshot_huc1d8dc86b64ce0c79017e806d780862e_444744_750x500_fill_catmullrom_top_2.png,Carson Ip,132,2021-04-04,MIT,"['Blog', 'Minimal']",https://github.com/carsonip/hugo-theme-minos/blob/master/LICENSE.md,https://themes.gohugo.io/themes/hugo-theme-minos/
pixyll,"A simple, beautiful theme for Hugo.",https://d33wubrfki0l68.cloudfront.net/4387a662bf5863c96180aa938c43a222289ed5e1/d8ff5/themes/hugo-theme-pixyll/screenshot_hu4c4051cc36d2263fc29eb5d0e0c6fbd0_420230_750x500_fill_catmullrom_top_2.png,nil,141,2020-01-14,MIT,"['Blog', 'Minimal', 'Personal', 'Responsive']",https://github.com/johnotander/pixyll,https://themes.gohugo.io/themes/hugo-theme-pixyll/
aether,"aether is a blog theme that emphasizes motion, material, and depth as design elements to highlight the content of your site",https://d33wubrfki0l68.cloudfront.net/2dde7ed4db10bc76d4fe16e726689b44dfb30a72/21f25/themes/aether/screenshot_hu66701b7be5d9791bb693df4a018e6f61_487814_750x500_fill_catmullrom_top_2.png,Joe Hutchinson,139,2021-08-20,MIT,"['Blog', 'Minimal', 'Personal', 'Responsive']",https://github.com/adam-p/markdown-here/wiki/Markdown-Cheatsheet,https://themes.gohugo.io/themes/aether/
Zdoc,Simple Hugo documentation theme.,https://d33wubrfki0l68.cloudfront.net/bd818789dcff4ac3f724a5454bd1f59f50da14da/1ea70/themes/hugo-theme-zdoc/screenshot_hua2ecfcdd8b19cf0be65560dd5c76ca72_276518_750x500_fill_catmullrom_top_2.png,zzossig,139,2020-11-05,MIT,"['Dark', 'Docs', 'Light', 'Multilingual', 'Responsive']",https://github.com/zzossig/hugo-theme-zdoc,https://themes.gohugo.io/themes/hugo-theme-zdoc/
Vitae,Vitae is a feature-rich blog theme for Hugo that focuses on your content.,https://d33wubrfki0l68.cloudfront.net/f4c23ab555b9585035f69e0dbb2db0210599e6db/a3c3c/themes/hugo-vitae/screenshot_hu38663cba4f26e06f8f71220d9f31926d_241002_750x500_fill_catmullrom_top_2.png,Benedikt 'dataCobra' Tuchen,106,2021-09-16,GPL-3.0-or-later,"['Blog', 'Light', 'Minimal', 'Responsive']",https://github.com/dataCobra/hugo-vitae/blob/main/FEATURES.md,https://themes.gohugo.io/themes/hugo-vitae/
Vex,Vex by Themefisher ported to Hugo,https://d33wubrfki0l68.cloudfront.net/d81ad743d50564972695db5afaf53e3b289e491e/cadcf/themes/vex-hugo/screenshot_hu7f06353891f0f6d6cbfadba458557966_45966_750x500_fill_catmullrom_top_2.png,Themefisher,123,2020-07-05,CC-BY-3.0,"['Bootstrap', 'Ecommerce', 'Landing']",https://github.com/themefisher/vex-hugo/issues,https://themes.gohugo.io/themes/vex-hugo/
Slate,A speed dial theme,https://d33wubrfki0l68.cloudfront.net/66f2de071cf37bf948fe91b7b9ab19d7d123d80f/5460a/themes/slate/screenshot_hu84ad76af68df9c5d6f0163a2a067b043_560698_750x500_fill_catmullrom_top_2.png,Gus Esquivel,122,2017-05-30,MIT,[],https://github.com/gesquive/hugo-slate-demo/blob/master/config.toml,https://themes.gohugo.io/themes/slate/
Hugo-Octopress,Octopress classic theme for Hugo,https://d33wubrfki0l68.cloudfront.net/6f09f6d1c7c23a8c999d189de3d5cdb0572bf27a/6f3fe/themes/hugo-octopress/screenshot_hu5c24445d13c48332f10f8897baceaa56_164513_750x500_fill_catmullrom_top_2.png,Parsia Hakimian,107,2021-04-16,MIT,[],https://github.com/parsiya/Hugo-Octopress/blob/master/LICENSE.md,https://themes.gohugo.io/themes/hugo-octopress/
Almeida CV,Theme to build a customizeable printable CV with minor web responsiveness.,https://d33wubrfki0l68.cloudfront.net/4b5c5d668ca227b96eca3b2f8c8ecca0c632ccb1/84bc8/themes/almeida-cv/screenshot_hu0136c94f9718bb3d660b44548f1354b0_491198_750x500_fill_catmullrom_top_2.png,Inês Almeida,86,2021-09-24,MIT,['Minimal'],https://github.com/ineesalmeida/almeida-cv,https://themes.gohugo.io/themes/almeida-cv/
Base16,Base16 is a simple and colorful theme with the base16 eighties colorscheme,https://d33wubrfki0l68.cloudfront.net/7c2feccf853e8c6550012768098e31b0e9687b22/ffb8d/themes/hugo-base16-theme/screenshot_hu70e5d0de939e14aca20086e1b5b71d19_136700_750x500_fill_catmullrom_top_2.png,Hylke Visser,110,2021-04-24,MIT,['Blog'],https://github.com/htdvisser/hugo-base16-theme/blob/master/LICENSE,https://themes.gohugo.io/themes/hugo-base16-theme/
Nix,Simple theme for Hugo,https://d33wubrfki0l68.cloudfront.net/a8f8775bb7f4ce801851778e290d74e39997dda7/901a6/themes/hugo-theme-nix/screenshot_hu75e9f98eab725d62cb4d4f8e906f08e6_88771_750x500_fill_catmullrom_top_2.png,Matúš Námešný,109,2021-05-23,MIT,"['Blog', 'Minimal', 'Multilingual']",https://github.com/LordMathis/hugo-theme-nix,https://themes.gohugo.io/themes/hugo-theme-nix/
Academia Hugo,"The website builder for Hugo. Build *anything* with widgets and deploy with one click! Fully personalize your site with themes, plugins, and language packs.",https://d33wubrfki0l68.cloudfront.net/f1ccb690b1e8ffff4a3680cfa84f08424da25a69/ac4db/themes/academia-hugo/screenshot_hub5e9edd9f1f6717e4545a90cfadcc4ac_738415_750x500_fill_catmullrom_top_2.png,Themefisher,121,2020-07-05,MIT,"['Blog', 'Company', 'Contact', 'Dark', 'Docs', 'Gallery', 'Landing', 'Light', 'Minimal', 'Multilingual', 'Personal', 'Portfolio', 'Responsive']",https://github.com/themefisher/academia-hugo/issues,https://themes.gohugo.io/themes/academia-hugo/
Air,"Casper theme from Ghost Foundation, Plus particles.js",https://d33wubrfki0l68.cloudfront.net/8551098e1aafd14d35664606703a99ba0317c613/03de1/themes/hugo-theme-air/screenshot_huc3f51fd9c1901e28abd1747371d7a802_368577_750x500_fill_catmullrom_top_2.png,syui,117,2020-12-16,MIT,['Blog'],https://github.com/syui/hugo-theme-air/blob/master/config.toml,https://themes.gohugo.io/themes/hugo-theme-air/
smol,Minimal Hugo theme using a Monospace font and without any tracking or external dependencies.,https://d33wubrfki0l68.cloudfront.net/d085373c3a88fd45ec2ad24e6f78d80cf1ae4ad5/39916/themes/smol/screenshot_hu62b7b943e05503eb8faf23b75d16e675_74704_750x500_fill_catmullrom_top_2.png,morph,115,2021-08-10,MIT,"['Blog', 'Dark Mode', 'Light', 'Minimal', 'Responsive']",https://github.com/colorchestra/smol/blob/master/LICENSE,https://themes.gohugo.io/themes/smol/
Lithium,Lithium minimal theme,https://d33wubrfki0l68.cloudfront.net/3d80f7c36f8f6b7df20457272d044b3cc5faef59/17101/themes/hugo-lithium-theme/screenshot_huf86cbfda82391d8e19c3b3bdb661cc37_50770_750x500_fill_catmullrom_top_2.png,Jonathan Rutheiser,113,2019-08-25,MIT,"['Blog', 'recent release of Hugo.', 'Version Configuration', 'tag a new version.']",https://github.com/jrutheiser/hugo-lithium-theme/blob/master/LICENSE.md,https://themes.gohugo.io/themes/hugo-lithium-theme/
Hugo-Primer,A simple and beautiful Hugo theme based on GitHub's Primer CSS,https://d33wubrfki0l68.cloudfront.net/7cae135cd482aff24cfd36d3372b143f8368469e/9e1c1/themes/hugo-primer/screenshot_hu18e7f6ac4919cabd5aabb20c6e7c1666_268995_750x500_fill_catmullrom_top_2.png,Qiushi Pan,114,2019-12-02,MIT,"['Blog', 'Light', 'Minimal', 'Personal']",https://github.com/qqhann/hugo-primer,https://themes.gohugo.io/themes/hugo-primer/
Hugo - Classic,"A minimal blog theme, for those who love text. Based off the eXtremely minimal theme by Yihui Xui.",https://d33wubrfki0l68.cloudfront.net/4ff53e5867f0849259df1e7776406e395901593c/eadcb/themes/hugo-classic/screenshot_hu886922a30a7ae7dd71dc699ec6f7885f_551552_750x500_fill_catmullrom_top_2.png,Kellen Evan Person,99,2021-09-15,MIT,"['Blog', 'Minimal', 'Personal']",https://github.com/goodroot/hugo-classic,https://themes.gohugo.io/themes/hugo-classic/
NEDERBURG,Port of Tracks Theme https://www.competethemes.com/tracks/,https://d33wubrfki0l68.cloudfront.net/b11eeb5d155c432dac0a3ce4fca756287e66f91c/b7c36/themes/hugo-nederburg-theme/screenshot_hu70fbe3b12efeab007a80c034bd81d91f_715776_750x500_fill_catmullrom_top_2.png,Göran Svensson,107,2019-07-12,GPL-2,"['Blog', 'Minimal', 'Responsive', 'recent release of Hugo.', 'Version Configuration', 'tag a new version.']",https://github.com/appernetic/hugo-nederburg-theme/pulls,https://themes.gohugo.io/themes/hugo-nederburg-theme/
Slim,A slim minimal theme for Hugo.,https://d33wubrfki0l68.cloudfront.net/92d219df6ee36491a170f9d8df40292af125abbb/7bb9e/themes/hugo-theme-slim/screenshot_hua61d127934fe45d3fa74cbbfbf315d05_150440_750x500_fill_catmullrom_top_2.png,Zhe Zhang,106,2019-09-20,MIT,"['Blog', 'Minimal', 'recent release of Hugo.', 'Version Configuration', 'tag a new version.']",https://github.com/zhe/hugo-theme-slim/blob/master/LICENSE.md,https://themes.gohugo.io/themes/hugo-theme-slim/
mediumish,"An elegant, mediumish theme for gohugo",https://d33wubrfki0l68.cloudfront.net/ae14d6848dac82692efe6e24560efdbdfc533d26/d7486/themes/mediumish-gohugo-theme/screenshot_hu184468a307933db4ab96b7b77cb9c15b_675178_750x500_fill_catmullrom_top_2.png,lgaida,97,2021-08-12,MIT,"['Blog', 'Minimal', 'Personal', 'Responsive']",https://github.com/lgaida/mediumish-gohugo-theme-demo,https://themes.gohugo.io/themes/mediumish-gohugo-theme/
Changelog Theme,Theme to display a changelog,https://d33wubrfki0l68.cloudfront.net/619bd75731d1fe7e9b19014b29041a3752b460e4/b4a0e/themes/hugo-changelog-theme/screenshot_hufc195d82695671f4e7c3354af1b108e3_81095_750x500_fill_catmullrom_top_2.png,Yauhen Shulitski,98,2021-01-04,MIT,[],https://github.com/jsnjack/hugo-changelog-theme,https://themes.gohugo.io/themes/hugo-changelog-theme/
Northendlab Light,Blog Template,https://d33wubrfki0l68.cloudfront.net/eceac2e4310384280561a7a2b5a3af5dfec166b2/b0a20/themes/northendlab-hugo/screenshot_hub2de5f5866d6863c3b67461a1f0af849_295352_750x500_fill_catmullrom_top_2.png,Themefisher,82,2021-09-26,MIT,"['Blog', 'Bootstrap', 'Contact', 'Landing', 'Light', 'Minimal', 'Portfolio', 'Responsive']",https://github.com/gethugothemes/northendlab-light/graphs/contributors,https://themes.gohugo.io/themes/northendlab-hugo/
pulp,"Pulp is a Hugo theme for getting a simple, easy-to-read blog site.",https://d33wubrfki0l68.cloudfront.net/a9879d60e582969d949549e41db241506744c48c/afd11/themes/pulp/screenshot_hubffe2d4d3e1b686fc3fa22f3e4493c03_88916_750x500_fill_catmullrom_top_2.png,koirand,102,2020-11-01,MIT,"['Blog', 'Light', 'Minimal', 'Personal']",https://github.com/koirand/pulp,https://themes.gohugo.io/themes/pulp/
Swift,A simple open source theme for publishing with hugo,https://d33wubrfki0l68.cloudfront.net/34e9362e0b5956080f70e0764a5fb0c849a9dd31/59ee3/themes/hugo-swift-theme/screenshot_hua8d138836356d95377ca40aece93c433_111626_750x500_fill_catmullrom_top_2.png,weru,97,2020-11-01,MIT,"['Blog', 'Dark', 'Light', 'Minimal']",https://github.com/onweru/hugo-swift-theme/blob/master/LICENSE.md,https://themes.gohugo.io/themes/hugo-swift-theme/
Amperage,"Blazing fast SEO optimized theme with native AMP, structured data, search, service workers and i18n out of the box!",https://d33wubrfki0l68.cloudfront.net/0fae58cf7b0cbef0388ac0d5d220af2af422af84/4a574/themes/amperage/screenshot_hu6b495f57fc8dde58ca6d5e776434df10_1175383_750x500_fill_catmullrom_top_2.png,Asur Bernardo,102,2020-12-10,MIT,"['Blog', 'Light', 'Minimal', 'Multilingual', 'Personal', 'Responsive']",https://github.com/asurbernardo/blog-comments,https://themes.gohugo.io/themes/amperage/
Avicenna,"A minimal, simple, and responsive academic page.",https://d33wubrfki0l68.cloudfront.net/aa07445146ac29ca8792d2c7c85401a736aa8b68/448de/themes/avicenna/screenshot_hu64c3ce7dc23d26fa166dcf7d932561cc_160682_750x500_fill_catmullrom_top_2.png,Hadi Sinaee,98,2021-08-02,MIT,"['Minimal', 'Personal', 'Responsive']",https://github.com/hadisinaee/avicenna,https://themes.gohugo.io/themes/avicenna/
Tania,A simple theme for bloggers,https://d33wubrfki0l68.cloudfront.net/cdc3fb54908e7f45d1e9a94551a8735504d149d1/3ed19/themes/hugo-tania/screenshot_huff7d3a2af1f256ade2107ad03c3bff6e_58488_750x500_fill_catmullrom_top_2.png,WingLim,83,2021-09-27,MIT,"['Blog', 'Dark', 'Light', 'Responsive']",https://github.com/WingLim/hugo-tania/blob/main/LICENSE,https://themes.gohugo.io/themes/hugo-tania/
Now UI,An elegant open-source and mobile-first theme,https://d33wubrfki0l68.cloudfront.net/136c0f71f8a1aa098ff999e89d571e6a73b72a0a/d8921/themes/hugo-now-ui/screenshot_hud91358b3173e41a4362eb19ff787bb9e_1849183_750x500_fill_catmullrom_top_2.png,Carl Boettiger,100,2020-09-28,MIT,['Bootstrap'],https://github.com/cboettig/hugo-now-ui/archive/master.zip,https://themes.gohugo.io/themes/hugo-now-ui/
Hugo Scroll,"A Hugo theme for pretty, quick and simple single-page websites.",https://d33wubrfki0l68.cloudfront.net/008b08565b2e300f08398c1d917b2f43592741c4/e1416/themes/hugo-scroll/screenshot_hu65e78875b4247fc08e9302ad03161631_862686_750x500_fill_catmullrom_top_2.png,Jan Raasch,78,2021-10-01,MIT,"['Contact', 'Landing', 'Personal', 'Responsive']",https://github.com/janraasch/hugo-scroll/tree/master/exampleSite,https://themes.gohugo.io/themes/hugo-scroll/
Chunky Poster,"A simple, bootstrap 4 based blog theme.",https://d33wubrfki0l68.cloudfront.net/7ee82acfb452f53176bfc9335202d22e5807c94d/f5c8d/themes/hugo-theme-chunky-poster/screenshot_huc49c3620cc679916957cd9bb1d61fc44_338652_750x500_fill_catmullrom_top_2.png,virtualcursor,96,2020-04-04,MIT,"['Blog', 'Light', 'Minimal', 'Multilingual', 'Responsive']",https://github.com/zhaohuabing/hugo-theme-cleanwhite,https://themes.gohugo.io/themes/hugo-theme-chunky-poster/
Bigspring Light,"Bigspring is a web development company Hugo theme. It is very stylish, responsive and ready to use theme. You can use this theme to create your contemporary web design studio, creative agency, advertising firm website. This theme has a very creative and well decorated landing page, Blog page, Contact page, Pricing page and many more.",https://d33wubrfki0l68.cloudfront.net/5ea9b58466d0a8feb4385e9fd23c8973f7bc17f2/ef67e/themes/bigspring-hugo-startup-theme/screenshot_huc44ad0ae3a2a3eb25b783ea5f276761e_304396_750x500_fill_catmullrom_top_2.png,Themefisher,100,2021-09-26,MIT,"['Blog', 'Bootstrap', 'Contact', 'Landing', 'Light', 'Minimal', 'Multilingual', 'Responsive']",https://github.com/themefisher/bigspring-hugo/graphs/contributors,https://themes.gohugo.io/themes/bigspring-hugo-startup-theme/
Hugo ReFresh,A re-adaptation of the Hugo Fresh theme,https://d33wubrfki0l68.cloudfront.net/2bceb2458d1ba0311f5c01235043da9f89c0dabd/10400/themes/hugo-refresh/screenshot_hu39f40f3da2f7b5228c9707313ab6fec5_89282_750x500_fill_catmullrom_top_2.png,Roberto Jordaney,100,2021-05-04,MIT,"['Blog', 'Light', 'Multilingual', 'Personal', 'Responsive']",https://github.com/wcoder/highlightjs-line-numbers.js/,https://themes.gohugo.io/themes/hugo-refresh/
Personal Web,Personal Web is a simple Hugo template to build a personal website including portfolio and blog sections. It will mainly suit freelancers who want to showcase their work.,https://d33wubrfki0l68.cloudfront.net/93925dfeac3369681aa74e711176e16528c28cc3/04ba5/themes/personal-web/screenshot_huc5582daae3a9ecb08d93d04687e83cfe_1804275_750x500_fill_catmullrom_top_2.png,Baptiste Jacquemet,84,2021-09-30,MIT,"['Blog', 'Personal', 'Portfolio']",https://github.com/bjacquemet/personal-web/blob/master/LICENSE,https://themes.gohugo.io/themes/personal-web/
Hugo Pacman Theme,nil,https://d33wubrfki0l68.cloudfront.net/b55a4e24ccdfcc5066f7d8ac8f7e65eaa2ba507a/57b96/themes/hugo-pacman-theme/screenshot_hu7d998f8236bf13db636b4f3feac10039_297969_750x500_fill_catmullrom_top_2.png,coderzh,94,2020-02-07,MIT,"['Blog', 'Responsive']",https://github.com/coderzh/hugo-pacman-theme,https://themes.gohugo.io/themes/hugo-pacman-theme/
Forty,A portfolio/blog website built for companies or personal freelancers.,https://d33wubrfki0l68.cloudfront.net/72ae4fd249b132f0c137f263e596ae6598463e02/aa2ae/themes/forty/screenshot_huec0c1d12508adeceeb0ae13e5fa8a7e4_1340743_750x500_fill_catmullrom_top_2.png,Marcus Virginia,110,2019-04-30,Creative Commons Attribution 3.0,"['Blog', 'Company', 'Contact', 'Portfolio', 'recent release of Hugo.', 'Version Configuration', 'tag a new version.']",https://github.com/MarcusVirg/forty,https://themes.gohugo.io/themes/forty/
Dimension,"A port of HTML5UP's dimension theme, optimized for markdown based CMS.",https://d33wubrfki0l68.cloudfront.net/d65cd432965e16ae8e5c28417e9f720e88a079ac/683d3/themes/hugo-theme-dimension/screenshot_hu4306319854ef7d76f3839ec835336ca9_1980998_750x500_fill_catmullrom_top_2.png,d-asnaghi,89,2021-05-21,CC 3.0,"['Blog', 'Dark', 'Minimal', 'Personal', 'Responsive']",https://github.com/your-identity/hugo-theme-dimension/blob/master/LICENSE.md,https://themes.gohugo.io/themes/hugo-theme-dimension/
Massively,An elegant open-source and mobile-first theme,https://d33wubrfki0l68.cloudfront.net/a85fac4379e289bba9c16e75cdb6db2f1d00a865/c75cc/themes/hugo-theme-massively/screenshot_huf713936ebccff0f98083936503221f97_1785863_750x500_fill_catmullrom_top_2.png,Curtis Timson,96,2020-02-18,Creative Commons,['Blog'],https://github.com/curttimson/hugo-theme-massively/blob/master/i18n/es.toml,https://themes.gohugo.io/themes/hugo-theme-massively/
Hugo Icon,This is the Icon theme; ported to Hugo by Steve Lane,https://d33wubrfki0l68.cloudfront.net/86971284a81d1d6d656116ed67d473b733419817/099a2/themes/hugo-icon/screenshot_hue5d144a0936c871db675539271919e88_218709_750x500_fill_catmullrom_top_2.png,Steve Lane,88,2019-03-05,MIT,"['Agency', 'Company', 'Hero', 'Personal', 'Responsive', 'recent release of Hugo.', 'Version Configuration', 'tag a new version.']",https://github.com/SteveLane/hugo-icon,https://themes.gohugo.io/themes/hugo-icon/
Ace documentation,"A documentation theme featuring a clean design, code highlighting and useful shortcodes for writing your project documentation.",https://d33wubrfki0l68.cloudfront.net/cc7e8677d56b968edbaa61eec7008c181c7d5cda/e78c5/themes/ace-documentation/screenshot_hu19809b0c25ffee5e8f4f7d6e3ad59e40_244133_750x500_fill_catmullrom_top_2.png,Vantage Design,71,2021-09-28,MIT,"['Bootstrap', 'Docs', 'Light', 'Minimal', 'Responsive']",https://github.com/vantagedesign/ace-documentation/blob/master/LICENSE.md,https://themes.gohugo.io/themes/ace-documentation/
Binario,Responsive card-based & code-light Hugo theme,https://d33wubrfki0l68.cloudfront.net/52815394cbac229a4938b5cd3a0993d8fe301c00/5db1a/themes/binario/screenshot_huef29e0497c2f1791f331faeb6295494f_346843_750x500_fill_catmullrom_top_2.png,Vimux,66,2021-09-03,MIT,"['Blog', 'Dark', 'Responsive']",https://github.com/twbs/bootstrap/blob/v4-dev/dist/css/bootstrap-reboot.css,https://themes.gohugo.io/themes/binario/
hugo-webslides,Hugo-WebSlides - Writing beautiful slides in markdown with Hugo.,https://d33wubrfki0l68.cloudfront.net/c1069262083318fc1abcf44ad1a415f48bd0565d/2f9c9/themes/hugo-webslides/screenshot_hudd34703fd82e0e3ba8fbec734a76baa3_518595_750x500_fill_catmullrom_top_2.png,RCJacH,91,2020-03-25,MIT,"['Landing', 'Responsive']",https://github.com/webslides/WebSlides/wiki/Core-API#options,https://themes.gohugo.io/themes/hugo-webslides/
Hargo Hugo E-Commerce Theme,"Hargo, An E-commerce theme powered by hugo",https://d33wubrfki0l68.cloudfront.net/36ba2071062303159b8de69ea4e271b7b5bd6f6b/4c518/themes/hargo-hugo-ecommerce-theme/screenshot_hua1726dc50382dc8979d1f90fa43be446_459482_750x500_fill_catmullrom_top_2.png,Themefisher,71,2021-10-31,MIT,"['Blog', 'Bootstrap', 'Contact', 'Ecommerce', 'Light', 'Minimal', 'Responsive']",https://github.com/themefisher/hargo-hugo/graphs/contributors,https://themes.gohugo.io/themes/hargo-hugo-ecommerce-theme/
Hugo Profile,A high performance and mobile first hugo template for personal portfolio and blog.,https://d33wubrfki0l68.cloudfront.net/2c4ce26793e2c8b8a7c4d6d321d75717bf261935/974e4/themes/hugo-profile/screenshot_hu65867fd5d8462a5279482770f6993707_150976_750x500_fill_catmullrom_top_2.png,Gurusabarish,64,2021-11-18,MIT,"['Blog', 'Personal', 'Portfolio', 'Responsive']",https://github.com/gurusabarish/hugo-profile/issues,https://themes.gohugo.io/themes/hugo-profile/
Hugo Identity,Little profile/card-style template based on Identity by HTML5 UP.,https://d33wubrfki0l68.cloudfront.net/c84a6f5b3ee68f0fe90fa08e6ce167f4192504ba/71ebe/themes/hugo-identity-theme/screenshot_hu2fd562b02819cf124c5bd69e153cc850_836272_750x500_fill_catmullrom_top_2.png,Pavel Kanyshev,87,2017-12-09,Creative Commons Attribution 3.0 Unported License,"['Contact', 'Minimal', 'Responsive', 'recent release of Hugo.', 'Version Configuration', 'tag a new version.']",https://github.com/aerohub/hugo-identity-theme/blob/master/LICENSE.md,https://themes.gohugo.io/themes/hugo-identity-theme/
Somrat,Portfolio Template (Archived),https://d33wubrfki0l68.cloudfront.net/5968108c0baf7d1cdf23c4ec4538a7f4244f5316/6edfc/themes/somrat/screenshot_hu8e21d236e37c004b8f8ef7f96010a0f2_113391_750x500_fill_catmullrom_top_2.png,somrat,92,2021-02-13,MIT,"['Blog', 'Bootstrap', 'Contact', 'Dark', 'Landing', 'Light', 'Minimal', 'Portfolio', 'Responsive']",https://github.com/somratpro/somrat/archive/master.zip,https://themes.gohugo.io/themes/somrat/
Hallo,Hallo is a single-page Hugo theme to introduce yourself.,https://d33wubrfki0l68.cloudfront.net/a4ba6d873f153df2719ada131a5cefeecc59bbb7/eef0e/themes/hallo-hugo/screenshot_hu9812e1ebb6fc079222376111e69f3f31_175689_750x500_fill_catmullrom_top_2.png,Emiel Hollander,87,2020-11-17,MIT,"['Landing', 'Minimal', 'Personal', 'Responsive']",https://github.com/EmielH/hallo-hugo/blob/master/LICENSE,https://themes.gohugo.io/themes/hallo-hugo/
purehugo,A theme based on the pure css blog layout,https://d33wubrfki0l68.cloudfront.net/48121b56085b3bc15803151df187a7bdb9959465/51a3f/themes/purehugo/screenshot_hufbc2cff728063b8c59b89b58fa57b011_101724_750x500_fill_catmullrom_top_2.png,nil,85,2019-09-24,MIT,"['Blog', 'recent release of Hugo.', 'Version Configuration', 'tag a new version.']",https://github.com/dplesca/purehugo,https://themes.gohugo.io/themes/purehugo/
Devfest Toulouse Theme,A theme for a conference website. Created for DevFest Toulouse 2019,https://d33wubrfki0l68.cloudfront.net/d720c5008f12d97539a2e2f6bbd7bf970c71ede4/8b764/themes/devfest-theme-hugo/screenshot_hu8d69085c6b88a0bf591b40c7939902b2_1488214_750x500_fill_catmullrom_top_2.png,GDG Toulouse,67,2021-09-15,MIT,[],https://github.com/jweslley/hugo-conference/blob/master/LICENSE,https://themes.gohugo.io/themes/devfest-theme-hugo/
Basic,Basic blog theme styled with minimal tachyons,https://d33wubrfki0l68.cloudfront.net/ac43ee34ab062b1b069df978b989e741e7fb42bc/58f6a/themes/hugo-theme-basic/screenshot_hu806b7569355ee6db7dc0d1c577b08806_125076_750x500_fill_catmullrom_top_2.png,Stephen Siegert,98,2020-05-21,MIT,"['Blog', 'Minimal', 'Responsive']",https://github.com/siegerts/hugo-theme-basic/blob/master/LICENSE,https://themes.gohugo.io/themes/hugo-theme-basic/
UILite,Hugo UILite theme is designed for developers and desginers so that they can showcase their work without any struggle,https://d33wubrfki0l68.cloudfront.net/06403d11767f517e2647731c8601bb4f81723f9c/78318/themes/hugo-uilite/screenshot_hu9574c34f52aa44345c2ecff3c7dde6be_380539_750x500_fill_catmullrom_top_2.png,UICardio,84,2021-06-08,MIT,"['Blog', 'Minimal', 'Portfolio', 'Responsive']",https://github.com/uicardioHQ/hugo-uilite,https://themes.gohugo.io/themes/hugo-uilite/
Roxo Hugo,"Roxo Hugo is a digital agency Hugo theme for creative agencies, freelancers, graphic designers, photographers. Can be used for any kind of corporate websites who provides digital services with many expertise such as Design, Digital Products, Development, Campaign & Content, Employer Branding, Animation & Motion Graphics ,Packaging & Product Design, Retail & Spacial, Print & Editorial Design, Concept/Text, Information Design etc.",https://d33wubrfki0l68.cloudfront.net/3d93e0a1a9bd6b00f5fc41ff3ebc8e3b0ac85c86/52808/themes/roxo-hugo/screenshot_hud3044402aeedd256e314dd4ac71f79c8_588481_750x500_fill_catmullrom_top_2.png,Static Mania,83,2021-04-06,MIT,"['Agency', 'Blog', 'Company', 'Minimal', 'Portfolio', 'Responsive']",https://github.com/StaticMania/roxo-hugo/blob/master/LICENSE,https://themes.gohugo.io/themes/roxo-hugo/
Castanet,A podcast-oriented theme for Hugo,https://d33wubrfki0l68.cloudfront.net/074ba0418e2bf67c52e282f6b7fff7d6097b3477/9f36e/themes/castanet/screenshot_hu10f2834f3b4972aa15aea927898b1bc7_356932_750x500_fill_catmullrom_top_2.png,Matt Stratton,84,2017-05-18,MIT,"['Podcast', 'Responsive', 'recent release of Hugo.', 'Version Configuration', 'tag a new version.']",https://github.com/mattstratton/castanet/blob/master/exampleSite/config.toml,https://themes.gohugo.io/themes/castanet/
Whiteplain,Simple and functional theme for Hugo,https://d33wubrfki0l68.cloudfront.net/f5d499f73a83ff7c3c8cd281114befdf6faafeb3/4a6af/themes/whiteplain/screenshot_huf7304e56b8f93421b11d96cda1185ef0_99286_750x500_fill_catmullrom_top_2.png,taikii,81,2019-10-27,MIT,"['Blog', 'Light', 'recent release of Hugo.', 'Version Configuration', 'tag a new version.']",https://github.com/taikii/whiteplain-light,https://themes.gohugo.io/themes/whiteplain/
Minimal Bootstrap Hugo Theme,A minimal hugo theme made with bootstrap that focuses on content readability,https://d33wubrfki0l68.cloudfront.net/811e399fd7453a9fe57afc96f765acb93fef96c0/b3c88/themes/minimal-bootstrap-hugo-theme/screenshot_hu3a1434cd3d0ac0b278c9446ba37ea99e_56770_750x500_fill_catmullrom_top_2.png,Zachary Betz,74,2020-11-25,MIT,"['Blog', 'Bootstrap', 'Minimal']",https://github.com/zwbetz-gh/minimal-bootstrap-hugo-theme/tree/master/exampleSite,https://themes.gohugo.io/themes/minimal-bootstrap-hugo-theme/
Hugo Cards,A bootstrap based minimal hugo theme based on webjeda-cards,https://d33wubrfki0l68.cloudfront.net/262446286509dc411d913340e021d6b53e1e8da1/16b1e/themes/hugo-cards/screenshot_huc17e11cdd65d3778d51c6d963b51f3ed_86820_750x500_fill_catmullrom_top_2.png,Hugo Aguirre,56,2021-10-31,MIT,"['Blog', 'Bootstrap', 'Responsive']",https://github.com/bul-ikana/hugo-cards/blob/master/exampleSite/config.toml,https://themes.gohugo.io/themes/hugo-cards/
Shell,Hugo Shell theme : Terminal-like theme with selectable color schemes.,https://d33wubrfki0l68.cloudfront.net/90f80da2b7971722251e17963acec7a77ff7bc43/5c1f4/themes/hugo-theme-shell/screenshot_hu3723f589873526acaea4bb7fc1605422_74474_750x500_fill_catmullrom_top_2.png,Yuta Kurosawa,72,2021-08-27,MIT,"['Dark', 'Light', 'Minimal', 'Personal', 'Portfolio', 'Responsive']",https://github.com/Yukuro/goph-to-stylesheet,https://themes.gohugo.io/themes/hugo-theme-shell/
Blist,Blist is a clean and fast blog theme for your Hugo site.,https://d33wubrfki0l68.cloudfront.net/b2421ded3ece49ef412a592189152de2af30adf3/e6b07/themes/blist-hugo-theme/screenshot_hua53ae996935694d88553aaa22d4e6a1a_892723_750x500_fill_catmullrom_top_2.png,Varun A P,50,2021-10-27,MIT,"['Blog', 'Responsive']",https://github.com/apvarun/blist-hugo-theme/issues,https://themes.gohugo.io/themes/blist-hugo-theme/
Manis,Sweet little theme for personal website or blog,https://d33wubrfki0l68.cloudfront.net/f61b741ed1c20aecce48771f1f81f5c022cb41d7/bbf70/themes/manis-hugo-theme/screenshot_hu5a880bb125b561d7e895e2eb6615f427_35326_750x500_fill_catmullrom_top_2.png,Yurizal Susanto,80,2021-07-03,MIT,"['Blog', 'Light', 'Minimal', 'Personal']",https://github.com/yursan9/manis-hugo-theme/blob/master/LICENSE.md,https://themes.gohugo.io/themes/manis-hugo-theme/
XMag,A minimal magazine theme for Hugo,https://d33wubrfki0l68.cloudfront.net/ff385595f87983c86e558196024a14f7599705af/c6f0a/themes/hugo-xmag/screenshot_hu956763c9cb53d30b888bcd7e22e80b59_87623_750x500_fill_catmullrom_top_2.png,Yihui Xie,56,2021-11-18,MIT,"['Blog', 'Magazine', 'Minimal', 'Responsive']",https://github.com/yihui/hugo-xmag,https://themes.gohugo.io/themes/hugo-xmag/
PaperCSS,"A Hugo theme made with PaperCSS, the less formal CSS framework.",https://d33wubrfki0l68.cloudfront.net/5fb1fb887be1ee2da71eb70450064911795777f0/1d53f/themes/papercss-hugo-theme/screenshot_hu5cfa43bbfff64d0404bfc61a736a0243_211710_750x500_fill_catmullrom_top_2.png,Zachary Betz,67,2021-06-08,MIT,['Blog'],https://github.com/papercss/papercss/graphs/contributors,https://themes.gohugo.io/themes/papercss-hugo-theme/
